workbook,sheet,column,is_identifier,n_rows,n_missing,pct_missing,n_unique_observed,inferred_type,numeric_min,numeric_max,sample_values
TARGET_AML_CDE_20230524.xlsx,Data Elements,Column Header,False,65,0,0.0,65,str,,,
TARGET_AML_CDE_20230524.xlsx,Data Elements,"Data Element Long Name
Proposed change to Long Name moved to Question Text",False,65,0,0.0,65,str,,,
TARGET_AML_CDE_20230524.xlsx,Data Elements,Original Question Text,False,65,0,0.0,65,str,,,
TARGET_AML_CDE_20230524.xlsx,Data Elements,Modified Question Text,False,65,59,90.77,6,str,,,
TARGET_AML_CDE_20230524.xlsx,Data Elements,Original Definition,False,65,56,86.15,9,str,,,
TARGET_AML_CDE_20230524.xlsx,Data Elements,Modified Definition,False,65,0,0.0,65,str,,,
TARGET_AML_CDE_20230524.xlsx,Data Elements,Permissible Values,False,65,0,0.0,35,str,,,
TARGET_AML_CDE_20230524.xlsx,Data Elements,Data Element Public ID,False,65,0,0.0,64,mixed,64553.0,6343814.0,
TARGET_AML_CDE_20230524.xlsx,Data Elements,Added TARGET Note,False,65,48,73.85,5,str,,,
TARGET_AML_CDE_20230524.xlsx,Data Elements,unnamed_10,False,65,65,100.0,0,empty,,,
TARGET_AML_CDE_20230524.xlsx,Data Elements,unnamed_11,False,65,65,100.0,0,empty,,,
TARGET_AML_ClinicalData_AAML1031_AAML0631_additionalCasesForSortedCellsAndCBExperiment_20230720.xlsx,Sheet1,TARGET USI,True,89,0,0.0,89,str,,,
TARGET_AML_ClinicalData_AAML1031_AAML0631_additionalCasesForSortedCellsAndCBExperiment_20230720.xlsx,Sheet1,Gender,False,89,0,0.0,2,str,,,
TARGET_AML_ClinicalData_AAML1031_AAML0631_additionalCasesForSortedCellsAndCBExperiment_20230720.xlsx,Sheet1,Race,False,89,13,14.61,5,str,,,
TARGET_AML_ClinicalData_AAML1031_AAML0631_additionalCasesForSortedCellsAndCBExperiment_20230720.xlsx,Sheet1,Ethnicity,False,89,6,6.74,2,str,,,
TARGET_AML_ClinicalData_AAML1031_AAML0631_additionalCasesForSortedCellsAndCBExperiment_20230720.xlsx,Sheet1,Age at Diagnosis in Days,False,89,0,0.0,89,int,235.0,7117.0,
TARGET_AML_ClinicalData_AAML1031_AAML0631_additionalCasesForSortedCellsAndCBExperiment_20230720.xlsx,Sheet1,First Event,False,89,0,0.0,5,str,,,
TARGET_AML_ClinicalData_AAML1031_AAML0631_additionalCasesForSortedCellsAndCBExperiment_20230720.xlsx,Sheet1,Event Free Survival Time in Days,False,89,0,0.0,76,int,1.0,4108.0,
TARGET_AML_ClinicalData_AAML1031_AAML0631_additionalCasesForSortedCellsAndCBExperiment_20230720.xlsx,Sheet1,Vital Status,False,89,0,0.0,2,str,,,
TARGET_AML_ClinicalData_AAML1031_AAML0631_additionalCasesForSortedCellsAndCBExperiment_20230720.xlsx,Sheet1,Overall Survival Time in Days,False,89,0,0.0,76,int,1.0,4134.0,
TARGET_AML_ClinicalData_AAML1031_AAML0631_additionalCasesForSortedCellsAndCBExperiment_20230720.xlsx,Sheet1,Year of Diagnosis,False,89,0,0.0,6,int,2007.0,2017.0,
TARGET_AML_ClinicalData_AAML1031_AAML0631_additionalCasesForSortedCellsAndCBExperiment_20230720.xlsx,Sheet1,Year of Last Follow Up,False,89,0,0.0,12,int,2010.0,2021.0,
TARGET_AML_ClinicalData_AAML1031_AAML0631_additionalCasesForSortedCellsAndCBExperiment_20230720.xlsx,Sheet1,Protocol,False,89,0,0.0,3,str,,,
TARGET_AML_ClinicalData_AAML1031_AAML0631_additionalCasesForSortedCellsAndCBExperiment_20230720.xlsx,Sheet1,WBC at Diagnosis,False,89,2,2.25,72,float,0.4,173.8,
TARGET_AML_ClinicalData_AAML1031_AAML0631_additionalCasesForSortedCellsAndCBExperiment_20230720.xlsx,Sheet1,Bone marrow leukemic blast percentage (%),False,89,9,10.11,45,float,2.0,100.0,
TARGET_AML_ClinicalData_AAML1031_AAML0631_additionalCasesForSortedCellsAndCBExperiment_20230720.xlsx,Sheet1,Peripheral blasts (%),False,89,3,3.37,53,float,0.0,95.0,
TARGET_AML_ClinicalData_AAML1031_AAML0631_additionalCasesForSortedCellsAndCBExperiment_20230720.xlsx,Sheet1,CNS disease,False,89,55,61.8,1,str,,,
TARGET_AML_ClinicalData_AAML1031_AAML0631_additionalCasesForSortedCellsAndCBExperiment_20230720.xlsx,Sheet1,Chloroma,False,89,53,59.55,2,str,,,
TARGET_AML_ClinicalData_AAML1031_AAML0631_additionalCasesForSortedCellsAndCBExperiment_20230720.xlsx,Sheet1,FAB Category,False,89,17,19.1,2,str,,,
TARGET_AML_ClinicalData_AAML1031_AAML0631_additionalCasesForSortedCellsAndCBExperiment_20230720.xlsx,Sheet1,t(6;9),False,89,75,84.27,1,str,,,
TARGET_AML_ClinicalData_AAML1031_AAML0631_additionalCasesForSortedCellsAndCBExperiment_20230720.xlsx,Sheet1,t(8;21),False,89,75,84.27,2,str,,,
TARGET_AML_ClinicalData_AAML1031_AAML0631_additionalCasesForSortedCellsAndCBExperiment_20230720.xlsx,Sheet1,t(3;5)(q25;q34),False,89,75,84.27,1,str,,,
TARGET_AML_ClinicalData_AAML1031_AAML0631_additionalCasesForSortedCellsAndCBExperiment_20230720.xlsx,Sheet1,t(6;11)(q27;q23),False,89,75,84.27,1,str,,,
TARGET_AML_ClinicalData_AAML1031_AAML0631_additionalCasesForSortedCellsAndCBExperiment_20230720.xlsx,Sheet1,t(9;11)(p22;q23),False,89,75,84.27,1,str,,,
TARGET_AML_ClinicalData_AAML1031_AAML0631_additionalCasesForSortedCellsAndCBExperiment_20230720.xlsx,Sheet1,t(10;11)(p11.2;q23),False,89,75,84.27,1,str,,,
TARGET_AML_ClinicalData_AAML1031_AAML0631_additionalCasesForSortedCellsAndCBExperiment_20230720.xlsx,Sheet1,t(11:19)(q23:p13.1),False,89,75,84.27,2,str,,,
TARGET_AML_ClinicalData_AAML1031_AAML0631_additionalCasesForSortedCellsAndCBExperiment_20230720.xlsx,Sheet1,inv(16),False,89,75,84.27,2,str,,,
TARGET_AML_ClinicalData_AAML1031_AAML0631_additionalCasesForSortedCellsAndCBExperiment_20230720.xlsx,Sheet1,del5q,False,89,75,84.27,1,str,,,
TARGET_AML_ClinicalData_AAML1031_AAML0631_additionalCasesForSortedCellsAndCBExperiment_20230720.xlsx,Sheet1,del7q,False,89,75,84.27,1,str,,,
TARGET_AML_ClinicalData_AAML1031_AAML0631_additionalCasesForSortedCellsAndCBExperiment_20230720.xlsx,Sheet1,del9q,False,89,75,84.27,2,str,,,
TARGET_AML_ClinicalData_AAML1031_AAML0631_additionalCasesForSortedCellsAndCBExperiment_20230720.xlsx,Sheet1,monosomy 5,False,89,75,84.27,1,str,,,
TARGET_AML_ClinicalData_AAML1031_AAML0631_additionalCasesForSortedCellsAndCBExperiment_20230720.xlsx,Sheet1,monosomy 7,False,89,75,84.27,1,str,,,
TARGET_AML_ClinicalData_AAML1031_AAML0631_additionalCasesForSortedCellsAndCBExperiment_20230720.xlsx,Sheet1,trisomy 8,False,89,75,84.27,2,str,,,
TARGET_AML_ClinicalData_AAML1031_AAML0631_additionalCasesForSortedCellsAndCBExperiment_20230720.xlsx,Sheet1,trisomy 21,False,89,75,84.27,1,str,,,
TARGET_AML_ClinicalData_AAML1031_AAML0631_additionalCasesForSortedCellsAndCBExperiment_20230720.xlsx,Sheet1,MLL,False,89,75,84.27,2,str,,,
TARGET_AML_ClinicalData_AAML1031_AAML0631_additionalCasesForSortedCellsAndCBExperiment_20230720.xlsx,Sheet1,Minus Y,False,89,75,84.27,1,str,,,
TARGET_AML_ClinicalData_AAML1031_AAML0631_additionalCasesForSortedCellsAndCBExperiment_20230720.xlsx,Sheet1,Minus X,False,89,75,84.27,2,str,,,
TARGET_AML_ClinicalData_AAML1031_AAML0631_additionalCasesForSortedCellsAndCBExperiment_20230720.xlsx,Sheet1,Cytogenetic Code Other,False,89,84,94.38,5,str,,,
TARGET_AML_ClinicalData_AAML1031_AAML0631_additionalCasesForSortedCellsAndCBExperiment_20230720.xlsx,Sheet1,Cytogenetic Complexity,False,89,7,7.87,6,mixed,0.0,4.0,
TARGET_AML_ClinicalData_AAML1031_AAML0631_additionalCasesForSortedCellsAndCBExperiment_20230720.xlsx,Sheet1,Primary Cytogenetic Code,False,89,4,4.49,6,str,,,
TARGET_AML_ClinicalData_AAML1031_AAML0631_additionalCasesForSortedCellsAndCBExperiment_20230720.xlsx,Sheet1,ISCN,False,89,6,6.74,63,str,,,
TARGET_AML_ClinicalData_AAML1031_AAML0631_additionalCasesForSortedCellsAndCBExperiment_20230720.xlsx,Sheet1,FLT3/ITD positive?,False,89,71,79.78,1,str,,,
TARGET_AML_ClinicalData_AAML1031_AAML0631_additionalCasesForSortedCellsAndCBExperiment_20230720.xlsx,Sheet1,FLT3/ITD allelic ratio,False,89,89,100.0,0,empty,,,
TARGET_AML_ClinicalData_AAML1031_AAML0631_additionalCasesForSortedCellsAndCBExperiment_20230720.xlsx,Sheet1,FLT3 PM,False,89,88,98.88,1,str,,,
TARGET_AML_ClinicalData_AAML1031_AAML0631_additionalCasesForSortedCellsAndCBExperiment_20230720.xlsx,Sheet1,NPM mutation,False,89,71,79.78,2,str,,,
TARGET_AML_ClinicalData_AAML1031_AAML0631_additionalCasesForSortedCellsAndCBExperiment_20230720.xlsx,Sheet1,CEBPA mutation,False,89,71,79.78,2,str,,,
TARGET_AML_ClinicalData_AAML1031_AAML0631_additionalCasesForSortedCellsAndCBExperiment_20230720.xlsx,Sheet1,WT1 mutation,False,89,88,98.88,1,str,,,
TARGET_AML_ClinicalData_AAML1031_AAML0631_additionalCasesForSortedCellsAndCBExperiment_20230720.xlsx,Sheet1,c-Kit Mutation Exon 8,False,89,88,98.88,1,str,,,
TARGET_AML_ClinicalData_AAML1031_AAML0631_additionalCasesForSortedCellsAndCBExperiment_20230720.xlsx,Sheet1,c-Kit Mutation Exon 17,False,89,88,98.88,1,str,,,
TARGET_AML_ClinicalData_AAML1031_AAML0631_additionalCasesForSortedCellsAndCBExperiment_20230720.xlsx,Sheet1,MRD at end of course 1,False,89,87,97.75,1,str,,,
TARGET_AML_ClinicalData_AAML1031_AAML0631_additionalCasesForSortedCellsAndCBExperiment_20230720.xlsx,Sheet1,MRD % at end of course 1,False,89,87,97.75,1,int,0.0,0.0,
TARGET_AML_ClinicalData_AAML1031_AAML0631_additionalCasesForSortedCellsAndCBExperiment_20230720.xlsx,Sheet1,MRD at end of course 2,False,89,88,98.88,1,str,,,
TARGET_AML_ClinicalData_AAML1031_AAML0631_additionalCasesForSortedCellsAndCBExperiment_20230720.xlsx,Sheet1,MRD % at end of course 2,False,89,88,98.88,1,int,0.0,0.0,
TARGET_AML_ClinicalData_AAML1031_AAML0631_additionalCasesForSortedCellsAndCBExperiment_20230720.xlsx,Sheet1,CR status at end of course 1,False,89,71,79.78,2,str,,,
TARGET_AML_ClinicalData_AAML1031_AAML0631_additionalCasesForSortedCellsAndCBExperiment_20230720.xlsx,Sheet1,CR status at end of course 2,False,89,71,79.78,2,str,,,
TARGET_AML_ClinicalData_AAML1031_AAML0631_additionalCasesForSortedCellsAndCBExperiment_20230720.xlsx,Sheet1,Risk group,False,89,75,84.27,2,str,,,
TARGET_AML_ClinicalData_AAML1031_AAML0631_additionalCasesForSortedCellsAndCBExperiment_20230720.xlsx,Sheet1,SCT in 1st CR,False,89,17,19.1,1,str,,,
TARGET_AML_ClinicalData_AAML1031_AAML0631_additionalCasesForSortedCellsAndCBExperiment_20230720.xlsx,Sheet1,Bone Marrow Site of Relapse/Induction Failure,False,89,0,0.0,2,str,,,
TARGET_AML_ClinicalData_AAML1031_AAML0631_additionalCasesForSortedCellsAndCBExperiment_20230720.xlsx,Sheet1,CNS Site of Relapse/Induction Failure,False,89,0,0.0,3,str,,,
TARGET_AML_ClinicalData_AAML1031_AAML0631_additionalCasesForSortedCellsAndCBExperiment_20230720.xlsx,Sheet1,Chloroma Site of Relapse/Induction Failure,False,89,0,0.0,2,str,,,
TARGET_AML_ClinicalData_AAML1031_AAML0631_additionalCasesForSortedCellsAndCBExperiment_20230720.xlsx,Sheet1,Cytogenetic Site of Relapse/Induction Failure,False,89,0,0.0,2,str,,,
TARGET_AML_ClinicalData_AAML1031_AAML0631_additionalCasesForSortedCellsAndCBExperiment_20230720.xlsx,Sheet1,Other Site of Relapse/Induction Failure,False,89,0,0.0,2,str,,,
TARGET_AML_ClinicalData_AAML1031_AAML0631_additionalCasesForSortedCellsAndCBExperiment_20230720.xlsx,Sheet1,Gene Fusion,False,89,89,100.0,0,empty,,,
TARGET_AML_ClinicalData_AAML1031_AAML0631_additionalCasesForSortedCellsAndCBExperiment_20230720.xlsx,Sheet1,Gemtuzumab ozogamicin treatment,False,89,89,100.0,0,empty,,,
TARGET_AML_ClinicalData_AAML1031_AAML0631_additionalCasesForSortedCellsAndCBExperiment_20230720.xlsx,Sheet1,Refractory Timepoint sent for Induction Failure Project,False,89,89,100.0,0,empty,,,
TARGET_AML_ClinicalData_AML1031_20230720.xlsx,Clinical Data,TARGET USI,True,1069,0,0.0,1069,str,,,
TARGET_AML_ClinicalData_AML1031_20230720.xlsx,Clinical Data,Gender,False,1069,0,0.0,2,str,,,
TARGET_AML_ClinicalData_AML1031_20230720.xlsx,Clinical Data,Race,False,1069,108,10.1,6,str,,,
TARGET_AML_ClinicalData_AML1031_20230720.xlsx,Clinical Data,Ethnicity,False,1069,34,3.18,2,str,,,
TARGET_AML_ClinicalData_AML1031_20230720.xlsx,Clinical Data,Age at Diagnosis in Days,False,1069,0,0.0,984,int,3.0,10799.0,
TARGET_AML_ClinicalData_AML1031_20230720.xlsx,Clinical Data,First Event,False,1069,0,0.0,5,str,,,
TARGET_AML_ClinicalData_AML1031_20230720.xlsx,Clinical Data,Event Free Survival Time in Days,False,1069,0,0.0,787,int,0.0,2721.0,
TARGET_AML_ClinicalData_AML1031_20230720.xlsx,Clinical Data,Vital Status,False,1069,0,0.0,2,str,,,
TARGET_AML_ClinicalData_AML1031_20230720.xlsx,Clinical Data,Overall Survival Time in Days,False,1069,0,0.0,867,int,1.0,2749.0,
TARGET_AML_ClinicalData_AML1031_20230720.xlsx,Clinical Data,Year of Diagnosis,False,1069,3,0.28,9,int,2008.0,2016.0,
TARGET_AML_ClinicalData_AML1031_20230720.xlsx,Clinical Data,Year of Last Follow Up,False,1069,0,0.0,11,int,2005.0,2019.0,
TARGET_AML_ClinicalData_AML1031_20230720.xlsx,Clinical Data,Protocol,False,1069,0,0.0,3,str,,,
TARGET_AML_ClinicalData_AML1031_20230720.xlsx,Clinical Data,WBC at Diagnosis,False,1069,1,0.09,635,float,0.6,918.5,
TARGET_AML_ClinicalData_AML1031_20230720.xlsx,Clinical Data,Bone marrow leukemic blast percentage (%),False,1069,81,7.58,210,float,0.0,100.0,
TARGET_AML_ClinicalData_AML1031_20230720.xlsx,Clinical Data,Peripheral blasts (%),False,1069,18,1.68,186,mixed,0.0,98.5,
TARGET_AML_ClinicalData_AML1031_20230720.xlsx,Clinical Data,CNS disease,False,1069,38,3.55,2,str,,,
TARGET_AML_ClinicalData_AML1031_20230720.xlsx,Clinical Data,Chloroma,False,1069,562,52.57,2,str,,,
TARGET_AML_ClinicalData_AML1031_20230720.xlsx,Clinical Data,FAB Category,False,1069,1062,99.35,4,str,,,
TARGET_AML_ClinicalData_AML1031_20230720.xlsx,Clinical Data,t(6;9),False,1069,10,0.94,2,str,,,
TARGET_AML_ClinicalData_AML1031_20230720.xlsx,Clinical Data,t(8;21),False,1069,10,0.94,2,str,,,
TARGET_AML_ClinicalData_AML1031_20230720.xlsx,Clinical Data,t(3;5)(q25;q34),False,1069,10,0.94,2,str,,,
TARGET_AML_ClinicalData_AML1031_20230720.xlsx,Clinical Data,t(6;11)(q27;q23),False,1069,10,0.94,2,str,,,
TARGET_AML_ClinicalData_AML1031_20230720.xlsx,Clinical Data,t(9;11)(p22;q23),False,1069,10,0.94,2,str,,,
TARGET_AML_ClinicalData_AML1031_20230720.xlsx,Clinical Data,t(10;11)(p11.2;q23),False,1069,10,0.94,2,str,,,
TARGET_AML_ClinicalData_AML1031_20230720.xlsx,Clinical Data,t(11:19)(q23:p13.1),False,1069,10,0.94,2,str,,,
TARGET_AML_ClinicalData_AML1031_20230720.xlsx,Clinical Data,inv(16),False,1069,10,0.94,2,str,,,
TARGET_AML_ClinicalData_AML1031_20230720.xlsx,Clinical Data,del5q,False,1069,10,0.94,2,str,,,
TARGET_AML_ClinicalData_AML1031_20230720.xlsx,Clinical Data,del7q,False,1069,10,0.94,2,str,,,
TARGET_AML_ClinicalData_AML1031_20230720.xlsx,Clinical Data,del9q,False,1069,10,0.94,2,str,,,
TARGET_AML_ClinicalData_AML1031_20230720.xlsx,Clinical Data,monosomy 5,False,1069,10,0.94,1,str,,,
TARGET_AML_ClinicalData_AML1031_20230720.xlsx,Clinical Data,monosomy 7,False,1069,10,0.94,2,str,,,
TARGET_AML_ClinicalData_AML1031_20230720.xlsx,Clinical Data,trisomy 8,False,1069,10,0.94,2,str,,,
TARGET_AML_ClinicalData_AML1031_20230720.xlsx,Clinical Data,trisomy 21,False,1069,10,0.94,2,str,,,
TARGET_AML_ClinicalData_AML1031_20230720.xlsx,Clinical Data,MLL,False,1069,10,0.94,2,str,,,
TARGET_AML_ClinicalData_AML1031_20230720.xlsx,Clinical Data,Minus Y,False,1069,10,0.94,2,str,,,
TARGET_AML_ClinicalData_AML1031_20230720.xlsx,Clinical Data,Minus X,False,1069,10,0.94,2,str,,,
TARGET_AML_ClinicalData_AML1031_20230720.xlsx,Clinical Data,Cytogenetic Code Other,False,1069,668,62.49,297,mixed,3.0,3.0,
TARGET_AML_ClinicalData_AML1031_20230720.xlsx,Clinical Data,Cytogenetic Complexity,False,1069,12,1.12,12,mixed,0.0,2.0,
TARGET_AML_ClinicalData_AML1031_20230720.xlsx,Clinical Data,Primary Cytogenetic Code,False,1069,10,0.94,5,str,,,
TARGET_AML_ClinicalData_AML1031_20230720.xlsx,Clinical Data,ISCN,False,1069,20,1.87,701,str,,,
TARGET_AML_ClinicalData_AML1031_20230720.xlsx,Clinical Data,FLT3/ITD positive?,False,1069,0,0.0,2,str,,,
TARGET_AML_ClinicalData_AML1031_20230720.xlsx,Clinical Data,FLT3/ITD allelic ratio,False,1069,899,84.1,87,mixed,0.54,0.54,
TARGET_AML_ClinicalData_AML1031_20230720.xlsx,Clinical Data,FLT3 PM,False,1069,1061,99.25,1,str,,,
TARGET_AML_ClinicalData_AML1031_20230720.xlsx,Clinical Data,NPM mutation,False,1069,0,0.0,2,str,,,
TARGET_AML_ClinicalData_AML1031_20230720.xlsx,Clinical Data,CEBPA mutation,False,1069,0,0.0,2,str,,,
TARGET_AML_ClinicalData_AML1031_20230720.xlsx,Clinical Data,WT1 mutation,False,1069,1061,99.25,2,str,,,
TARGET_AML_ClinicalData_AML1031_20230720.xlsx,Clinical Data,c-Kit Mutation Exon 8,False,1069,1064,99.53,1,str,,,
TARGET_AML_ClinicalData_AML1031_20230720.xlsx,Clinical Data,c-Kit Mutation Exon 17,False,1069,1064,99.53,1,str,,,
TARGET_AML_ClinicalData_AML1031_20230720.xlsx,Clinical Data,MRD at end of course 1,False,1069,61,5.71,2,str,,,
TARGET_AML_ClinicalData_AML1031_20230720.xlsx,Clinical Data,MRD % at end of course 1,False,1069,61,5.71,123,mixed,0.0,4.4,
TARGET_AML_ClinicalData_AML1031_20230720.xlsx,Clinical Data,MRD at end of course 2,False,1069,227,21.23,2,str,,,
TARGET_AML_ClinicalData_AML1031_20230720.xlsx,Clinical Data,MRD % at end of course 2,False,1069,369,34.52,28,mixed,0.0,4.7,
TARGET_AML_ClinicalData_AML1031_20230720.xlsx,Clinical Data,CR status at end of course 1,False,1069,0,0.0,4,str,,,
TARGET_AML_ClinicalData_AML1031_20230720.xlsx,Clinical Data,CR status at end of course 2,False,1069,0,0.0,4,str,,,
TARGET_AML_ClinicalData_AML1031_20230720.xlsx,Clinical Data,Risk group,False,1069,9,0.84,3,str,,,
TARGET_AML_ClinicalData_AML1031_20230720.xlsx,Clinical Data,SCT in 1st CR,False,1069,64,5.99,2,str,,,
TARGET_AML_ClinicalData_AML1031_20230720.xlsx,Clinical Data,Bone Marrow Site of Relapse/Induction Failure,False,1069,3,0.28,3,str,,,
TARGET_AML_ClinicalData_AML1031_20230720.xlsx,Clinical Data,CNS Site of Relapse/Induction Failure,False,1069,3,0.28,3,str,,,
TARGET_AML_ClinicalData_AML1031_20230720.xlsx,Clinical Data,Chloroma Site of Relapse/Induction Failure,False,1069,3,0.28,3,str,,,
TARGET_AML_ClinicalData_AML1031_20230720.xlsx,Clinical Data,Cytogenetic Site of Relapse/Induction Failure,False,1069,3,0.28,3,str,,,
TARGET_AML_ClinicalData_AML1031_20230720.xlsx,Clinical Data,Other Site of Relapse/Induction Failure,False,1069,3,0.28,3,str,,,
TARGET_AML_ClinicalData_AML1031_20230720.xlsx,Clinical Data,Gene Fusion,False,1069,1063,99.44,4,str,,,
TARGET_AML_ClinicalData_AML1031_20230720.xlsx,Clinical Data,Gemtuzumab ozogamicin treatment,False,1069,1064,99.53,2,str,,,
TARGET_AML_ClinicalData_AML1031_20230720.xlsx,Clinical Data,Refractory Timepoint sent for Induction Failure Project,False,1069,1069,100.0,0,empty,,,
TARGET_AML_ClinicalData_AML1031_20230720.xlsx,Original File,Original file name,False,2,0,0.0,2,str,,,
TARGET_AML_ClinicalData_AML1031_20230720.xlsx,Original File,Date,False,2,0,0.0,2,str,,,
TARGET_AML_ClinicalData_Discovery_20230720.xlsx,Clinical Data,TARGET USI,True,466,1,0.21,465,str,,,
TARGET_AML_ClinicalData_Discovery_20230720.xlsx,Clinical Data,Gender,False,466,19,4.08,2,str,,,
TARGET_AML_ClinicalData_Discovery_20230720.xlsx,Clinical Data,Race,False,466,53,11.37,6,str,,,
TARGET_AML_ClinicalData_Discovery_20230720.xlsx,Clinical Data,Ethnicity,False,466,35,7.51,2,str,,,
TARGET_AML_ClinicalData_Discovery_20230720.xlsx,Clinical Data,Age at Diagnosis in Days,False,466,19,4.08,425,int,10.0,8746.0,
TARGET_AML_ClinicalData_Discovery_20230720.xlsx,Clinical Data,First Event,False,466,19,4.08,5,str,,,
TARGET_AML_ClinicalData_Discovery_20230720.xlsx,Clinical Data,Event Free Survival Time in Days,False,466,19,4.08,377,int,2.0,4037.0,
TARGET_AML_ClinicalData_Discovery_20230720.xlsx,Clinical Data,Vital Status,False,466,19,4.08,2,str,,,
TARGET_AML_ClinicalData_Discovery_20230720.xlsx,Clinical Data,Overall Survival Time in Days,False,466,19,4.08,408,int,2.0,4127.0,
TARGET_AML_ClinicalData_Discovery_20230720.xlsx,Clinical Data,Year of Diagnosis,False,466,19,4.08,14,int,1996.0,2010.0,
TARGET_AML_ClinicalData_Discovery_20230720.xlsx,Clinical Data,Year of Last Follow Up,False,466,19,4.08,19,int,1997.0,2015.0,
TARGET_AML_ClinicalData_Discovery_20230720.xlsx,Clinical Data,Protocol,False,466,19,4.08,3,str,,,
TARGET_AML_ClinicalData_Discovery_20230720.xlsx,Clinical Data,WBC at Diagnosis,False,466,19,4.08,363,float,0.9,827.2,
TARGET_AML_ClinicalData_Discovery_20230720.xlsx,Clinical Data,Bone marrow leukemic blast percentage (%),False,466,32,6.87,128,float,3.0,100.0,
TARGET_AML_ClinicalData_Discovery_20230720.xlsx,Clinical Data,Peripheral blasts (%),False,466,21,4.51,113,float,0.0,99.0,
TARGET_AML_ClinicalData_Discovery_20230720.xlsx,Clinical Data,CNS disease,False,466,19,4.08,2,str,,,
TARGET_AML_ClinicalData_Discovery_20230720.xlsx,Clinical Data,Chloroma,False,466,20,4.29,2,str,,,
TARGET_AML_ClinicalData_Discovery_20230720.xlsx,Clinical Data,FAB Category,False,466,54,11.59,8,str,,,
TARGET_AML_ClinicalData_Discovery_20230720.xlsx,Clinical Data,t(6;9),False,466,47,10.09,2,str,,,
TARGET_AML_ClinicalData_Discovery_20230720.xlsx,Clinical Data,t(8;21),False,466,47,10.09,2,str,,,
TARGET_AML_ClinicalData_Discovery_20230720.xlsx,Clinical Data,t(3;5)(q25;q34),False,466,47,10.09,2,str,,,
TARGET_AML_ClinicalData_Discovery_20230720.xlsx,Clinical Data,t(6;11)(q27;q23),False,466,47,10.09,2,str,,,
TARGET_AML_ClinicalData_Discovery_20230720.xlsx,Clinical Data,t(9;11)(p22;q23),False,466,49,10.52,2,str,,,
TARGET_AML_ClinicalData_Discovery_20230720.xlsx,Clinical Data,t(10;11)(p11.2;q23),False,466,47,10.09,2,str,,,
TARGET_AML_ClinicalData_Discovery_20230720.xlsx,Clinical Data,t(11:19)(q23:p13.1),False,466,47,10.09,2,str,,,
TARGET_AML_ClinicalData_Discovery_20230720.xlsx,Clinical Data,inv(16),False,466,47,10.09,2,str,,,
TARGET_AML_ClinicalData_Discovery_20230720.xlsx,Clinical Data,del5q,False,466,47,10.09,2,str,,,
TARGET_AML_ClinicalData_Discovery_20230720.xlsx,Clinical Data,del7q,False,466,47,10.09,2,str,,,
TARGET_AML_ClinicalData_Discovery_20230720.xlsx,Clinical Data,del9q,False,466,47,10.09,2,str,,,
TARGET_AML_ClinicalData_Discovery_20230720.xlsx,Clinical Data,monosomy 5,False,466,47,10.09,1,str,,,
TARGET_AML_ClinicalData_Discovery_20230720.xlsx,Clinical Data,monosomy 7,False,466,47,10.09,2,str,,,
TARGET_AML_ClinicalData_Discovery_20230720.xlsx,Clinical Data,trisomy 8,False,466,47,10.09,2,str,,,
TARGET_AML_ClinicalData_Discovery_20230720.xlsx,Clinical Data,trisomy 21,False,466,47,10.09,2,str,,,
TARGET_AML_ClinicalData_Discovery_20230720.xlsx,Clinical Data,MLL,False,466,47,10.09,2,str,,,
TARGET_AML_ClinicalData_Discovery_20230720.xlsx,Clinical Data,Minus Y,False,466,47,10.09,2,str,,,
TARGET_AML_ClinicalData_Discovery_20230720.xlsx,Clinical Data,Minus X,False,466,47,10.09,2,str,,,
TARGET_AML_ClinicalData_Discovery_20230720.xlsx,Clinical Data,Cytogenetic Code Other,False,466,346,74.25,94,mixed,4.0,22.0,
TARGET_AML_ClinicalData_Discovery_20230720.xlsx,Clinical Data,Cytogenetic Complexity,False,466,43,9.23,10,mixed,0.0,10.0,
TARGET_AML_ClinicalData_Discovery_20230720.xlsx,Clinical Data,Primary Cytogenetic Code,False,466,47,10.09,5,str,,,
TARGET_AML_ClinicalData_Discovery_20230720.xlsx,Clinical Data,ISCN,False,466,43,9.23,314,str,,,
TARGET_AML_ClinicalData_Discovery_20230720.xlsx,Clinical Data,FLT3/ITD positive?,False,466,21,4.51,4,str,,,
TARGET_AML_ClinicalData_Discovery_20230720.xlsx,Clinical Data,FLT3/ITD allelic ratio,False,466,379,81.33,60,float,0.03,5.19,
TARGET_AML_ClinicalData_Discovery_20230720.xlsx,Clinical Data,FLT3 PM,False,466,23,4.94,4,str,,,
TARGET_AML_ClinicalData_Discovery_20230720.xlsx,Clinical Data,NPM mutation,False,466,34,7.3,4,str,,,
TARGET_AML_ClinicalData_Discovery_20230720.xlsx,Clinical Data,CEBPA mutation,False,466,30,6.44,4,str,,,
TARGET_AML_ClinicalData_Discovery_20230720.xlsx,Clinical Data,WT1 mutation,False,466,33,7.08,4,str,,,
TARGET_AML_ClinicalData_Discovery_20230720.xlsx,Clinical Data,c-Kit Mutation Exon 8,False,466,19,4.08,5,str,,,
TARGET_AML_ClinicalData_Discovery_20230720.xlsx,Clinical Data,c-Kit Mutation Exon 17,False,466,19,4.08,5,str,,,
TARGET_AML_ClinicalData_Discovery_20230720.xlsx,Clinical Data,MRD at end of course 1,False,466,138,29.61,2,str,,,
TARGET_AML_ClinicalData_Discovery_20230720.xlsx,Clinical Data,MRD % at end of course 1,False,466,139,29.83,75,float,0.0,88.0,
TARGET_AML_ClinicalData_Discovery_20230720.xlsx,Clinical Data,MRD at end of course 2,False,466,175,37.55,2,str,,,
TARGET_AML_ClinicalData_Discovery_20230720.xlsx,Clinical Data,MRD % at end of course 2,False,466,175,37.55,42,float,0.0,73.0,
TARGET_AML_ClinicalData_Discovery_20230720.xlsx,Clinical Data,CR status at end of course 1,False,466,19,4.08,4,str,,,
TARGET_AML_ClinicalData_Discovery_20230720.xlsx,Clinical Data,CR status at end of course 2,False,466,21,4.51,4,str,,,
TARGET_AML_ClinicalData_Discovery_20230720.xlsx,Clinical Data,Risk group,False,466,40,8.58,3,str,,,
TARGET_AML_ClinicalData_Discovery_20230720.xlsx,Clinical Data,SCT in 1st CR,False,466,56,12.02,2,str,,,
TARGET_AML_ClinicalData_Discovery_20230720.xlsx,Clinical Data,Bone Marrow Site of Relapse/Induction Failure,False,466,19,4.08,3,str,,,
TARGET_AML_ClinicalData_Discovery_20230720.xlsx,Clinical Data,CNS Site of Relapse/Induction Failure,False,466,19,4.08,3,str,,,
TARGET_AML_ClinicalData_Discovery_20230720.xlsx,Clinical Data,Chloroma Site of Relapse/Induction Failure,False,466,19,4.08,3,str,,,
TARGET_AML_ClinicalData_Discovery_20230720.xlsx,Clinical Data,Cytogenetic Site of Relapse/Induction Failure,False,466,19,4.08,3,str,,,
TARGET_AML_ClinicalData_Discovery_20230720.xlsx,Clinical Data,Other Site of Relapse/Induction Failure,False,466,19,4.08,3,str,,,
TARGET_AML_ClinicalData_Discovery_20230720.xlsx,Clinical Data,Gene Fusion,False,466,192,41.2,35,str,,,
TARGET_AML_ClinicalData_Discovery_20230720.xlsx,Clinical Data,Gemtuzumab ozogamicin treatment,False,466,77,16.52,2,str,,,
TARGET_AML_ClinicalData_Discovery_20230720.xlsx,Clinical Data,Refractory Timepoint sent for Induction Failure Project,False,466,434,93.13,3,str,,,
TARGET_AML_ClinicalData_Discovery_20230720.xlsx,Original File,Original file name,False,5,0,0.0,5,str,,,
TARGET_AML_ClinicalData_Discovery_20230720.xlsx,Original File,Date,False,5,0,0.0,4,str,,,
TARGET_AML_ClinicalData_Discovery_and_Validation_Tumor_Content_and_RIN_Supplement_20230720.xlsx,Sample Submission,TARGET USI,True,133,0,0.0,133,str,,,
TARGET_AML_ClinicalData_Discovery_and_Validation_Tumor_Content_and_RIN_Supplement_20230720.xlsx,Sample Submission,TARGET Sample ID,False,133,0,0.0,133,str,,,
TARGET_AML_ClinicalData_Discovery_and_Validation_Tumor_Content_and_RIN_Supplement_20230720.xlsx,Sample Submission,Anatomic Site,False,133,0,0.0,2,str,,,
TARGET_AML_ClinicalData_Discovery_and_Validation_Tumor_Content_and_RIN_Supplement_20230720.xlsx,Sample Submission,Tumor content (%),False,133,21,15.79,58,int,10.0,98.0,
TARGET_AML_ClinicalData_Discovery_and_Validation_Tumor_Content_and_RIN_Supplement_20230720.xlsx,Sample Submission,"Nature  of Analyte (Total RNA, mRNA, cDNA, small RNAs, etc)",False,133,0,0.0,1,str,,,
TARGET_AML_ClinicalData_Discovery_and_Validation_Tumor_Content_and_RIN_Supplement_20230720.xlsx,Sample Submission,RNA Isolation Method,False,133,0,0.0,3,str,,,
TARGET_AML_ClinicalData_Discovery_and_Validation_Tumor_Content_and_RIN_Supplement_20230720.xlsx,Sample Submission,Sample Volume   (ul),False,133,0,0.0,37,float,8.0,100.0,
TARGET_AML_ClinicalData_Discovery_and_Validation_Tumor_Content_and_RIN_Supplement_20230720.xlsx,Sample Submission,Sample Concentration (ng/ul),False,133,0,0.0,122,float,17.9,437.0,
TARGET_AML_ClinicalData_Discovery_and_Validation_Tumor_Content_and_RIN_Supplement_20230720.xlsx,Sample Submission,Submitted RNA Amount (ng),False,133,0,0.0,119,float,1443.1999999999998,5152.0,
TARGET_AML_ClinicalData_Discovery_and_Validation_Tumor_Content_and_RIN_Supplement_20230720.xlsx,Sample Submission,RNA Quantification Method,False,133,41,30.83,1,str,,,
TARGET_AML_ClinicalData_Discovery_and_Validation_Tumor_Content_and_RIN_Supplement_20230720.xlsx,Sample Submission,RIN of  RNA,False,133,0,0.0,27,float,7.0,9.8,
TARGET_AML_ClinicalData_Discovery_and_Validation_Tumor_Content_and_RIN_Supplement_20230720.xlsx,Sample Submission,unnamed_12,False,133,133,100.0,0,empty,,,
TARGET_AML_ClinicalData_Discovery_and_Validation_Tumor_Content_and_RIN_Supplement_20230720.xlsx,Sample Submission,unnamed_13,False,133,133,100.0,0,empty,,,
TARGET_AML_ClinicalData_Discovery_and_Validation_Tumor_Content_and_RIN_Supplement_20230720.xlsx,Sample Submission,unnamed_14,False,133,133,100.0,0,empty,,,
TARGET_AML_ClinicalData_Discovery_and_Validation_Tumor_Content_and_RIN_Supplement_20230720.xlsx,Sample Submission,unnamed_15,False,133,133,100.0,0,empty,,,
TARGET_AML_ClinicalData_Discovery_and_Validation_Tumor_Content_and_RIN_Supplement_20230720.xlsx,Sample Submission,unnamed_16,False,133,133,100.0,0,empty,,,
TARGET_AML_ClinicalData_Discovery_and_Validation_Tumor_Content_and_RIN_Supplement_20230720.xlsx,Sample Submission,unnamed_17,False,133,133,100.0,0,empty,,,
TARGET_AML_ClinicalData_Discovery_and_Validation_Tumor_Content_and_RIN_Supplement_20230720.xlsx,Sample Submission,unnamed_18,False,133,133,100.0,0,empty,,,
TARGET_AML_ClinicalData_Discovery_and_Validation_Tumor_Content_and_RIN_Supplement_20230720.xlsx,Sample Submission,unnamed_19,False,133,133,100.0,0,empty,,,
TARGET_AML_ClinicalData_Discovery_and_Validation_Tumor_Content_and_RIN_Supplement_20230720.xlsx,Sample Submission,unnamed_20,False,133,133,100.0,0,empty,,,
TARGET_AML_ClinicalData_Discovery_and_Validation_Tumor_Content_and_RIN_Supplement_20230720.xlsx,Sample Submission,unnamed_21,False,133,133,100.0,0,empty,,,
TARGET_AML_ClinicalData_Discovery_and_Validation_Tumor_Content_and_RIN_Supplement_20230720.xlsx,Sample Submission,unnamed_22,False,133,133,100.0,0,empty,,,
TARGET_AML_ClinicalData_Discovery_and_Validation_Tumor_Content_and_RIN_Supplement_20230720.xlsx,Sample Submission,unnamed_23,False,133,133,100.0,0,empty,,,
TARGET_AML_ClinicalData_Discovery_and_Validation_Tumor_Content_and_RIN_Supplement_20230720.xlsx,Sample Submission,unnamed_24,False,133,133,100.0,0,empty,,,
TARGET_AML_ClinicalData_Discovery_and_Validation_Tumor_Content_and_RIN_Supplement_20230720.xlsx,Sample Submission,unnamed_25,False,133,133,100.0,0,empty,,,
TARGET_AML_ClinicalData_Discovery_and_Validation_Tumor_Content_and_RIN_Supplement_20230720.xlsx,Sample Submission,unnamed_26,False,133,133,100.0,0,empty,,,
TARGET_AML_ClinicalData_Discovery_and_Validation_Tumor_Content_and_RIN_Supplement_20230720.xlsx,Sample Submission,unnamed_27,False,133,133,100.0,0,empty,,,
TARGET_AML_ClinicalData_Discovery_and_Validation_Tumor_Content_and_RIN_Supplement_20230720.xlsx,Sample Submission,unnamed_28,False,133,133,100.0,0,empty,,,
TARGET_AML_ClinicalData_Discovery_and_Validation_Tumor_Content_and_RIN_Supplement_20230720.xlsx,Sample Submission,unnamed_29,False,133,133,100.0,0,empty,,,
TARGET_AML_ClinicalData_Discovery_and_Validation_Tumor_Content_and_RIN_Supplement_20230720.xlsx,Sample Submission,unnamed_30,False,133,133,100.0,0,empty,,,
TARGET_AML_ClinicalData_Discovery_and_Validation_Tumor_Content_and_RIN_Supplement_20230720.xlsx,Sample Submission,unnamed_31,False,133,133,100.0,0,empty,,,
TARGET_AML_ClinicalData_Discovery_and_Validation_Tumor_Content_and_RIN_Supplement_20230720.xlsx,Sample Submission,unnamed_32,False,133,133,100.0,0,empty,,,
TARGET_AML_ClinicalData_Discovery_and_Validation_Tumor_Content_and_RIN_Supplement_20230720.xlsx,Sample Submission,unnamed_33,False,133,133,100.0,0,empty,,,
TARGET_AML_ClinicalData_Discovery_and_Validation_Tumor_Content_and_RIN_Supplement_20230720.xlsx,Lists,Sex,False,11,8,72.73,3,str,,,
TARGET_AML_ClinicalData_Discovery_and_Validation_Tumor_Content_and_RIN_Supplement_20230720.xlsx,Lists,unnamed_2,False,11,11,100.0,0,empty,,,
TARGET_AML_ClinicalData_Discovery_and_Validation_Tumor_Content_and_RIN_Supplement_20230720.xlsx,Lists,Tissue Type,False,11,2,18.18,9,str,,,
TARGET_AML_ClinicalData_Discovery_and_Validation_Tumor_Content_and_RIN_Supplement_20230720.xlsx,Lists,unnamed_4,False,11,11,100.0,0,empty,,,
TARGET_AML_ClinicalData_Discovery_and_Validation_Tumor_Content_and_RIN_Supplement_20230720.xlsx,Lists,Treatment,False,11,8,72.73,3,str,,,
TARGET_AML_ClinicalData_Discovery_and_Validation_Tumor_Content_and_RIN_Supplement_20230720.xlsx,Lists,unnamed_6,False,11,11,100.0,0,empty,,,
TARGET_AML_ClinicalData_Discovery_and_Validation_Tumor_Content_and_RIN_Supplement_20230720.xlsx,Lists,Pathology Occurrence,False,11,6,54.55,5,str,,,
TARGET_AML_ClinicalData_Discovery_and_Validation_Tumor_Content_and_RIN_Supplement_20230720.xlsx,Lists,unnamed_8,False,11,11,100.0,0,empty,,,
TARGET_AML_ClinicalData_Discovery_and_Validation_Tumor_Content_and_RIN_Supplement_20230720.xlsx,Lists,Library Protocol,False,11,9,81.82,2,str,,,
TARGET_AML_ClinicalData_Discovery_and_Validation_Tumor_Content_and_RIN_Supplement_20230720.xlsx,Lists,unnamed_10,False,11,11,100.0,0,empty,,,
TARGET_AML_ClinicalData_Discovery_and_Validation_Tumor_Content_and_RIN_Supplement_20230720.xlsx,Lists,Read Type,False,11,9,81.82,2,str,,,
TARGET_AML_ClinicalData_Discovery_and_Validation_Tumor_Content_and_RIN_Supplement_20230720.xlsx,Checkbox Status,Sample Return Checkbox Status,False,2,0,0.0,1,bool,,,
TARGET_AML_ClinicalData_Discovery_and_Validation_Tumor_Content_and_RIN_Supplement_20230720.xlsx,Checkbox Status,unnamed_2,False,2,0,0.0,2,str,,,
TARGET_AML_ClinicalData_LowDepthRNAseq_20230720.xlsx,Clinical Data,TARGET USI,True,449,0,0.0,449,str,,,
TARGET_AML_ClinicalData_LowDepthRNAseq_20230720.xlsx,Clinical Data,Gender,False,449,0,0.0,2,str,,,
TARGET_AML_ClinicalData_LowDepthRNAseq_20230720.xlsx,Clinical Data,Race,False,449,45,10.02,4,str,,,
TARGET_AML_ClinicalData_LowDepthRNAseq_20230720.xlsx,Clinical Data,Ethnicity,False,449,13,2.9,2,str,,,
TARGET_AML_ClinicalData_LowDepthRNAseq_20230720.xlsx,Clinical Data,Age at Diagnosis in Days,False,449,0,0.0,435,int,8.0,10496.0,
TARGET_AML_ClinicalData_LowDepthRNAseq_20230720.xlsx,Clinical Data,First Event,False,449,0,0.0,5,str,,,
TARGET_AML_ClinicalData_LowDepthRNAseq_20230720.xlsx,Clinical Data,Event Free Survival Time in Days,False,449,0,0.0,387,int,1.0,3508.0,
TARGET_AML_ClinicalData_LowDepthRNAseq_20230720.xlsx,Clinical Data,Vital Status,False,449,0,0.0,2,str,,,
TARGET_AML_ClinicalData_LowDepthRNAseq_20230720.xlsx,Clinical Data,Overall Survival Time in Days,False,449,0,0.0,395,int,1.0,3965.0,
TARGET_AML_ClinicalData_LowDepthRNAseq_20230720.xlsx,Clinical Data,Year of Diagnosis,False,449,0,0.0,14,int,1996.0,2010.0,
TARGET_AML_ClinicalData_LowDepthRNAseq_20230720.xlsx,Clinical Data,Year of Last Follow Up,False,449,0,0.0,19,int,1997.0,2016.0,
TARGET_AML_ClinicalData_LowDepthRNAseq_20230720.xlsx,Clinical Data,Protocol,False,449,0,0.0,3,str,,,
TARGET_AML_ClinicalData_LowDepthRNAseq_20230720.xlsx,Clinical Data,WBC at Diagnosis,False,449,0,0.0,379,float,0.2,860.0,
TARGET_AML_ClinicalData_LowDepthRNAseq_20230720.xlsx,Clinical Data,Bone marrow leukemic blast percentage (%),False,449,36,8.02,130,float,0.0,100.0,
TARGET_AML_ClinicalData_LowDepthRNAseq_20230720.xlsx,Clinical Data,Peripheral blasts (%),False,449,4,0.89,119,float,0.0,99.0,
TARGET_AML_ClinicalData_LowDepthRNAseq_20230720.xlsx,Clinical Data,CNS disease,False,449,0,0.0,2,str,,,
TARGET_AML_ClinicalData_LowDepthRNAseq_20230720.xlsx,Clinical Data,Chloroma,False,449,0,0.0,2,str,,,
TARGET_AML_ClinicalData_LowDepthRNAseq_20230720.xlsx,Clinical Data,FAB Category,False,449,67,14.92,9,str,,,
TARGET_AML_ClinicalData_LowDepthRNAseq_20230720.xlsx,Clinical Data,t(6;9),False,449,23,5.12,2,str,,,
TARGET_AML_ClinicalData_LowDepthRNAseq_20230720.xlsx,Clinical Data,t(8;21),False,449,23,5.12,2,str,,,
TARGET_AML_ClinicalData_LowDepthRNAseq_20230720.xlsx,Clinical Data,t(3;5)(q25;q34),False,449,23,5.12,1,str,,,
TARGET_AML_ClinicalData_LowDepthRNAseq_20230720.xlsx,Clinical Data,t(6;11)(q27;q23),False,449,23,5.12,2,str,,,
TARGET_AML_ClinicalData_LowDepthRNAseq_20230720.xlsx,Clinical Data,t(9;11)(p22;q23),False,449,26,5.79,2,str,,,
TARGET_AML_ClinicalData_LowDepthRNAseq_20230720.xlsx,Clinical Data,t(10;11)(p11.2;q23),False,449,23,5.12,2,str,,,
TARGET_AML_ClinicalData_LowDepthRNAseq_20230720.xlsx,Clinical Data,t(11:19)(q23:p13.1),False,449,23,5.12,2,str,,,
TARGET_AML_ClinicalData_LowDepthRNAseq_20230720.xlsx,Clinical Data,inv(16),False,449,23,5.12,2,str,,,
TARGET_AML_ClinicalData_LowDepthRNAseq_20230720.xlsx,Clinical Data,del5q,False,449,23,5.12,2,str,,,
TARGET_AML_ClinicalData_LowDepthRNAseq_20230720.xlsx,Clinical Data,del7q,False,449,24,5.35,2,str,,,
TARGET_AML_ClinicalData_LowDepthRNAseq_20230720.xlsx,Clinical Data,del9q,False,449,23,5.12,2,str,,,
TARGET_AML_ClinicalData_LowDepthRNAseq_20230720.xlsx,Clinical Data,monosomy 5,False,449,23,5.12,2,str,,,
TARGET_AML_ClinicalData_LowDepthRNAseq_20230720.xlsx,Clinical Data,monosomy 7,False,449,23,5.12,2,str,,,
TARGET_AML_ClinicalData_LowDepthRNAseq_20230720.xlsx,Clinical Data,trisomy 8,False,449,24,5.35,2,str,,,
TARGET_AML_ClinicalData_LowDepthRNAseq_20230720.xlsx,Clinical Data,trisomy 21,False,449,23,5.12,2,str,,,
TARGET_AML_ClinicalData_LowDepthRNAseq_20230720.xlsx,Clinical Data,MLL,False,449,23,5.12,2,str,,,
TARGET_AML_ClinicalData_LowDepthRNAseq_20230720.xlsx,Clinical Data,Minus Y,False,449,23,5.12,2,str,,,
TARGET_AML_ClinicalData_LowDepthRNAseq_20230720.xlsx,Clinical Data,Minus X,False,449,23,5.12,2,str,,,
TARGET_AML_ClinicalData_LowDepthRNAseq_20230720.xlsx,Clinical Data,Cytogenetic Code Other,False,449,316,70.38,107,mixed,3.0,22.0,
TARGET_AML_ClinicalData_LowDepthRNAseq_20230720.xlsx,Clinical Data,Cytogenetic Complexity,False,449,20,4.45,9,mixed,0.0,10.0,
TARGET_AML_ClinicalData_LowDepthRNAseq_20230720.xlsx,Clinical Data,Primary Cytogenetic Code,False,449,9,2.0,5,str,,,
TARGET_AML_ClinicalData_LowDepthRNAseq_20230720.xlsx,Clinical Data,ISCN,False,449,20,4.45,316,str,,,
TARGET_AML_ClinicalData_LowDepthRNAseq_20230720.xlsx,Clinical Data,FLT3/ITD positive?,False,449,1,0.22,2,str,,,
TARGET_AML_ClinicalData_LowDepthRNAseq_20230720.xlsx,Clinical Data,FLT3/ITD allelic ratio,False,449,346,77.06,66,float,0.03,9.5,
TARGET_AML_ClinicalData_LowDepthRNAseq_20230720.xlsx,Clinical Data,FLT3 PM,False,449,1,0.22,2,str,,,
TARGET_AML_ClinicalData_LowDepthRNAseq_20230720.xlsx,Clinical Data,NPM mutation,False,449,4,0.89,2,str,,,
TARGET_AML_ClinicalData_LowDepthRNAseq_20230720.xlsx,Clinical Data,CEBPA mutation,False,449,5,1.11,2,str,,,
TARGET_AML_ClinicalData_LowDepthRNAseq_20230720.xlsx,Clinical Data,WT1 mutation,False,449,4,0.89,2,str,,,
TARGET_AML_ClinicalData_LowDepthRNAseq_20230720.xlsx,Clinical Data,c-Kit Mutation Exon 8,False,449,0,0.0,3,str,,,
TARGET_AML_ClinicalData_LowDepthRNAseq_20230720.xlsx,Clinical Data,c-Kit Mutation Exon 17,False,449,0,0.0,3,str,,,
TARGET_AML_ClinicalData_LowDepthRNAseq_20230720.xlsx,Clinical Data,MRD at end of course 1,False,449,97,21.6,2,str,,,
TARGET_AML_ClinicalData_LowDepthRNAseq_20230720.xlsx,Clinical Data,MRD % at end of course 1,False,449,97,21.6,74,float,0.0,91.0,
TARGET_AML_ClinicalData_LowDepthRNAseq_20230720.xlsx,Clinical Data,MRD at end of course 2,False,449,159,35.41,2,str,,,
TARGET_AML_ClinicalData_LowDepthRNAseq_20230720.xlsx,Clinical Data,MRD % at end of course 2,False,449,159,35.41,40,float,0.0,74.0,
TARGET_AML_ClinicalData_LowDepthRNAseq_20230720.xlsx,Clinical Data,CR status at end of course 1,False,449,0,0.0,4,str,,,
TARGET_AML_ClinicalData_LowDepthRNAseq_20230720.xlsx,Clinical Data,CR status at end of course 2,False,449,3,0.67,4,str,,,
TARGET_AML_ClinicalData_LowDepthRNAseq_20230720.xlsx,Clinical Data,Risk group,False,449,12,2.67,3,str,,,
TARGET_AML_ClinicalData_LowDepthRNAseq_20230720.xlsx,Clinical Data,SCT in 1st CR,False,449,53,11.8,2,str,,,
TARGET_AML_ClinicalData_LowDepthRNAseq_20230720.xlsx,Clinical Data,Bone Marrow Site of Relapse/Induction Failure,False,449,0,0.0,3,str,,,
TARGET_AML_ClinicalData_LowDepthRNAseq_20230720.xlsx,Clinical Data,CNS Site of Relapse/Induction Failure,False,449,0,0.0,3,str,,,
TARGET_AML_ClinicalData_LowDepthRNAseq_20230720.xlsx,Clinical Data,Chloroma Site of Relapse/Induction Failure,False,449,0,0.0,3,str,,,
TARGET_AML_ClinicalData_LowDepthRNAseq_20230720.xlsx,Clinical Data,Cytogenetic Site of Relapse/Induction Failure,False,449,0,0.0,3,str,,,
TARGET_AML_ClinicalData_LowDepthRNAseq_20230720.xlsx,Clinical Data,Other Site of Relapse/Induction Failure,False,449,0,0.0,3,str,,,
TARGET_AML_ClinicalData_LowDepthRNAseq_20230720.xlsx,Clinical Data,Gene Fusion,False,449,6,1.34,76,str,,,
TARGET_AML_ClinicalData_LowDepthRNAseq_20230720.xlsx,Clinical Data,Gemtuzumab ozogamicin treatment,False,449,449,100.0,0,empty,,,
TARGET_AML_ClinicalData_LowDepthRNAseq_20230720.xlsx,Clinical Data,Refractory Timepoint sent for Induction Failure Project,False,449,449,100.0,0,empty,,,
TARGET_AML_ClinicalData_LowDepthRNAseq_20230720.xlsx,Clinical Data,Comment,False,449,449,100.0,0,empty,,,
TARGET_AML_ClinicalData_LowDepthRNAseq_20230720.xlsx,Clinical Data,Blast count used for RNA seq,False,449,0,0.0,126,mixed,20.0,100.0,
TARGET_AML_ClinicalData_LowDepthRNAseq_20230720.xlsx,Clinical Data,Gene Fusion,False,449,6,1.34,76,str,,,
TARGET_AML_ClinicalData_LowDepthRNAseq_20230720.xlsx,Original File,Original file name,False,1,0,0.0,1,str,,,
TARGET_AML_ClinicalData_LowDepthRNAseq_20230720.xlsx,Original File,Date,False,1,0,0.0,1,str,,,
TARGET_AML_ClinicalData_Validation_20230720.xlsx,Clinical Data,TARGET USI,True,627,1,0.16,626,str,,,
TARGET_AML_ClinicalData_Validation_20230720.xlsx,Clinical Data,Gender,False,627,13,2.07,2,str,,,
TARGET_AML_ClinicalData_Validation_20230720.xlsx,Clinical Data,Race,False,627,42,6.7,6,str,,,
TARGET_AML_ClinicalData_Validation_20230720.xlsx,Clinical Data,Ethnicity,False,627,33,5.26,2,str,,,
TARGET_AML_ClinicalData_Validation_20230720.xlsx,Clinical Data,Age at Diagnosis in Days,False,627,13,2.07,593,int,8.0,10898.0,
TARGET_AML_ClinicalData_Validation_20230720.xlsx,Clinical Data,First Event,False,627,13,2.07,5,str,,,
TARGET_AML_ClinicalData_Validation_20230720.xlsx,Clinical Data,Event Free Survival Time in Days,False,627,13,2.07,509,int,1.0,3113.0,
TARGET_AML_ClinicalData_Validation_20230720.xlsx,Clinical Data,Vital Status,False,627,13,2.07,2,str,,,
TARGET_AML_ClinicalData_Validation_20230720.xlsx,Clinical Data,Overall Survival Time in Days,False,627,13,2.07,532,int,1.0,3113.0,
TARGET_AML_ClinicalData_Validation_20230720.xlsx,Clinical Data,Year of Diagnosis,False,627,13,2.07,6,int,1997.0,2010.0,
TARGET_AML_ClinicalData_Validation_20230720.xlsx,Clinical Data,Year of Last Follow Up,False,627,13,2.07,11,int,1999.0,2015.0,
TARGET_AML_ClinicalData_Validation_20230720.xlsx,Clinical Data,Protocol,False,627,13,2.07,2,str,,,
TARGET_AML_ClinicalData_Validation_20230720.xlsx,Clinical Data,WBC at Diagnosis,False,627,13,2.07,456,float,0.2,610.0,
TARGET_AML_ClinicalData_Validation_20230720.xlsx,Clinical Data,Bone marrow leukemic blast percentage (%),False,627,55,8.77,154,float,0.0,100.0,
TARGET_AML_ClinicalData_Validation_20230720.xlsx,Clinical Data,Peripheral blasts (%),False,627,19,3.03,128,float,0.0,99.0,
TARGET_AML_ClinicalData_Validation_20230720.xlsx,Clinical Data,CNS disease,False,627,13,2.07,2,str,,,
TARGET_AML_ClinicalData_Validation_20230720.xlsx,Clinical Data,Chloroma,False,627,13,2.07,2,str,,,
TARGET_AML_ClinicalData_Validation_20230720.xlsx,Clinical Data,FAB Category,False,627,108,17.22,9,str,,,
TARGET_AML_ClinicalData_Validation_20230720.xlsx,Clinical Data,t(6;9),False,627,35,5.58,2,str,,,
TARGET_AML_ClinicalData_Validation_20230720.xlsx,Clinical Data,t(8;21),False,627,36,5.74,2,str,,,
TARGET_AML_ClinicalData_Validation_20230720.xlsx,Clinical Data,t(3;5)(q25;q34),False,627,35,5.58,2,str,,,
TARGET_AML_ClinicalData_Validation_20230720.xlsx,Clinical Data,t(6;11)(q27;q23),False,627,35,5.58,2,str,,,
TARGET_AML_ClinicalData_Validation_20230720.xlsx,Clinical Data,t(9;11)(p22;q23),False,627,38,6.06,2,str,,,
TARGET_AML_ClinicalData_Validation_20230720.xlsx,Clinical Data,t(10;11)(p11.2;q23),False,627,35,5.58,2,str,,,
TARGET_AML_ClinicalData_Validation_20230720.xlsx,Clinical Data,t(11:19)(q23:p13.1),False,627,35,5.58,2,str,,,
TARGET_AML_ClinicalData_Validation_20230720.xlsx,Clinical Data,inv(16),False,627,35,5.58,2,str,,,
TARGET_AML_ClinicalData_Validation_20230720.xlsx,Clinical Data,del5q,False,627,35,5.58,2,str,,,
TARGET_AML_ClinicalData_Validation_20230720.xlsx,Clinical Data,del7q,False,627,36,5.74,2,str,,,
TARGET_AML_ClinicalData_Validation_20230720.xlsx,Clinical Data,del9q,False,627,35,5.58,2,str,,,
TARGET_AML_ClinicalData_Validation_20230720.xlsx,Clinical Data,monosomy 5,False,627,35,5.58,2,str,,,
TARGET_AML_ClinicalData_Validation_20230720.xlsx,Clinical Data,monosomy 7,False,627,35,5.58,2,str,,,
TARGET_AML_ClinicalData_Validation_20230720.xlsx,Clinical Data,trisomy 8,False,627,36,5.74,2,str,,,
TARGET_AML_ClinicalData_Validation_20230720.xlsx,Clinical Data,trisomy 21,False,627,35,5.58,2,str,,,
TARGET_AML_ClinicalData_Validation_20230720.xlsx,Clinical Data,MLL,False,627,35,5.58,2,str,,,
TARGET_AML_ClinicalData_Validation_20230720.xlsx,Clinical Data,Minus Y,False,627,35,5.58,2,str,,,
TARGET_AML_ClinicalData_Validation_20230720.xlsx,Clinical Data,Minus X,False,627,35,5.58,2,str,,,
TARGET_AML_ClinicalData_Validation_20230720.xlsx,Clinical Data,Cytogenetic Code Other,False,627,434,69.22,142,mixed,3.0,22.0,
TARGET_AML_ClinicalData_Validation_20230720.xlsx,Clinical Data,Cytogenetic Complexity,False,627,35,5.58,8,mixed,0.0,6.0,
TARGET_AML_ClinicalData_Validation_20230720.xlsx,Clinical Data,Primary Cytogenetic Code,False,627,35,5.58,5,str,,,
TARGET_AML_ClinicalData_Validation_20230720.xlsx,Clinical Data,ISCN,False,627,35,5.58,425,str,,,
TARGET_AML_ClinicalData_Validation_20230720.xlsx,Clinical Data,FLT3/ITD positive?,False,627,14,2.23,4,str,,,
TARGET_AML_ClinicalData_Validation_20230720.xlsx,Clinical Data,FLT3/ITD allelic ratio,False,627,519,82.78,74,float,0.03,9.5,
TARGET_AML_ClinicalData_Validation_20230720.xlsx,Clinical Data,FLT3 PM,False,627,13,2.07,3,str,,,
TARGET_AML_ClinicalData_Validation_20230720.xlsx,Clinical Data,NPM mutation,False,627,15,2.39,3,str,,,
TARGET_AML_ClinicalData_Validation_20230720.xlsx,Clinical Data,CEBPA mutation,False,627,16,2.55,3,str,,,
TARGET_AML_ClinicalData_Validation_20230720.xlsx,Clinical Data,WT1 mutation,False,627,15,2.39,3,str,,,
TARGET_AML_ClinicalData_Validation_20230720.xlsx,Clinical Data,c-Kit Mutation Exon 8,False,627,13,2.07,5,str,,,
TARGET_AML_ClinicalData_Validation_20230720.xlsx,Clinical Data,c-Kit Mutation Exon 17,False,627,13,2.07,4,str,,,
TARGET_AML_ClinicalData_Validation_20230720.xlsx,Clinical Data,MRD at end of course 1,False,627,126,20.1,2,str,,,
TARGET_AML_ClinicalData_Validation_20230720.xlsx,Clinical Data,MRD % at end of course 1,False,627,126,20.1,93,float,0.0,91.0,
TARGET_AML_ClinicalData_Validation_20230720.xlsx,Clinical Data,MRD at end of course 2,False,627,198,31.58,2,str,,,
TARGET_AML_ClinicalData_Validation_20230720.xlsx,Clinical Data,MRD % at end of course 2,False,627,198,31.58,54,float,0.0,74.0,
TARGET_AML_ClinicalData_Validation_20230720.xlsx,Clinical Data,CR status at end of course 1,False,627,13,2.07,4,str,,,
TARGET_AML_ClinicalData_Validation_20230720.xlsx,Clinical Data,CR status at end of course 2,False,627,14,2.23,4,str,,,
TARGET_AML_ClinicalData_Validation_20230720.xlsx,Clinical Data,Risk group,False,627,25,3.99,5,mixed,10.0,30.0,
TARGET_AML_ClinicalData_Validation_20230720.xlsx,Clinical Data,SCT in 1st CR,False,627,77,12.28,2,str,,,
TARGET_AML_ClinicalData_Validation_20230720.xlsx,Clinical Data,Bone Marrow Site of Relapse/Induction Failure,False,627,13,2.07,3,str,,,
TARGET_AML_ClinicalData_Validation_20230720.xlsx,Clinical Data,CNS Site of Relapse/Induction Failure,False,627,13,2.07,3,str,,,
TARGET_AML_ClinicalData_Validation_20230720.xlsx,Clinical Data,Chloroma Site of Relapse/Induction Failure,False,627,13,2.07,3,str,,,
TARGET_AML_ClinicalData_Validation_20230720.xlsx,Clinical Data,Cytogenetic Site of Relapse/Induction Failure,False,627,13,2.07,3,str,,,
TARGET_AML_ClinicalData_Validation_20230720.xlsx,Clinical Data,Other Site of Relapse/Induction Failure,False,627,13,2.07,3,str,,,
TARGET_AML_ClinicalData_Validation_20230720.xlsx,Clinical Data,Gene Fusion,False,627,277,44.18,49,str,,,
TARGET_AML_ClinicalData_Validation_20230720.xlsx,Clinical Data,Gemtuzumab ozogamicin treatment,False,627,33,5.26,2,str,,,
TARGET_AML_ClinicalData_Validation_20230720.xlsx,Clinical Data,Refractory Timepoint sent for Induction Failure Project,False,627,608,96.97,2,str,,,
TARGET_AML_ClinicalData_Validation_20230720.xlsx,Original File,Original file name,False,4,0,0.0,4,str,,,
TARGET_AML_ClinicalData_Validation_20230720.xlsx,Original File,Date,False,4,0,0.0,4,str,,,
